TSTAMP,SADiag,FMR_H,LGD_H,FMR_Fc,LGD_Fc,FMR_LE,LGD_LE,FMR_TAU,LGD_TAU,Skew_u,Kurt_u,KID0_u,KID_u,HF5_u,HF10_u,HD5_u,HD10_u,AL1_u,DDI_u,DIP_u,Skew_v,Kurt_v,KID0_v,KID_v,HF5_v,HF10_v,HD5_v,HD10_v,AL1_v,DDI_v,DIP_v,Skew_w,Kurt_w,KID0_w,KID_w,HF5_w,HF10_w,HD5_w,HD10_w,AL1_w,DDI_w,DIP_w,N0_TAU,LSR_TAU,M98_TAU,Skew_ts,Kurt_ts,KID0_ts,KID_ts,HF5_ts,HF10_ts,HD5_ts,HD10_ts,AL1_ts,DDI_ts,DIP_ts,COV_wts,N0_H,LSR_H,M98_H,Skew_co2,Kurt_co2,KID0_co2,KID_co2,HF5_co2,HF10_co2,HD5_co2,HD10_co2,AL1_co2,DDI_co2,DIP_co2,COV_wco2,N0_Fc,LSR_Fc,M98_Fc,Skew_h2o,Kurt_h2o,KID0_h2o,KID_h2o,HF5_h2o,HF10_h2o,HD5_h2o,HD10_h2o,AL1_h2o,DDI_h2o,DIP_h2o,COV_wh2o,N0_LE,LSR_LE,M98_LE
201907301130,0,0,0,0,0,0,0,0,0,-0.278384341305619,3.17171255351314,9.30775499617568,9.24156295476604,0,0,218,7,0.992319300583369,360,0.95,-0.0233490113107049,2.57972591620796,7.78157124765416,7.72281526272857,0,0,227,2,0.992619725023083,360,0.95,0.245541034987396,2.87646428549487,9.47827754570837,9.40928161660083,0,0,274,9,0.983616809076571,360,1,1,0.999999999999303,1.72013476136123,0.0768931930299319,2.00507638599589,28.2131795313555,27.197667308972,0,0,1297,268,0.987139947557625,363,1,0.291931850286229,680,0.999999330405137,1.07237539425617,-0.173047703407449,2.45570874360228,11.4570635732995,11.373068881604,0,0,257,13,0.990933950544735,360,1,-0.579680347817536,114,0.999999988029621,1.41322702298737,0.0923521918372543,2.85977713039245,18.6627800686383,16.7763765787515,0,0,336,21,0.998657314339645,360,1,0.135358091307179,202,0.999999946826828,1.82483861453648